{"cameraMode":{"drawMode":0,"name":"Shaded","section":"Shading Mode"},"sceneLighting":true,"audioPlay":false,"sceneViewState":{"showFog":true,"showMaterialUpdate":true,"showSkybox":false,"showFlares":true,"showImageEffects":true,"showParticleSystems":true},"in2DMode":false,"pivot":{"x":-1.6759995222091675,"y":-6.034102439880371,"z":80.37431335449219},"rotation":{"x":0.1752568781375885,"y":-0.050186801701784137,"z":0.008945735171437264,"w":0.9832043647766113},"size":43.0267333984375,"orthographic":true}