{"cameraMode":{"drawMode":0,"name":"Shaded","section":"Shading Mode"},"sceneLighting":true,"audioPlay":false,"sceneViewState":{"showFog":true,"showMaterialUpdate":true,"showSkybox":false,"showFlares":true,"showImageEffects":true,"showParticleSystems":true},"in2DMode":false,"pivot":{"x":19.24481964111328,"y":116.74331665039063,"z":-181.366943359375},"rotation":{"x":0.25349482893943789,"y":-0.03858240693807602,"z":0.010119488462805748,"w":0.9665147662162781},"size":41.94561767578125,"orthographic":true}