{"cameraMode":{"drawMode":0,"name":"Shaded","section":"Shading Mode"},"sceneLighting":true,"audioPlay":false,"sceneViewState":{"showFog":true,"showMaterialUpdate":true,"showSkybox":false,"showFlares":true,"showImageEffects":true,"showParticleSystems":true},"in2DMode":false,"pivot":{"x":1.4813148975372315,"y":1.3725477457046509,"z":2.091909885406494},"rotation":{"x":0.18210181593894959,"y":-0.40169617533683779,"z":0.08184624463319779,"w":0.8937458395957947},"size":17.023029327392579,"orthographic":false}