{"cameraMode":{"drawMode":0,"name":"Shaded","section":"Shading Mode"},"sceneLighting":true,"audioPlay":false,"sceneViewState":{"showFog":true,"showMaterialUpdate":true,"showSkybox":false,"showFlares":true,"showImageEffects":true,"showParticleSystems":true},"in2DMode":false,"pivot":{"x":-5.951162338256836,"y":13.7288236618042,"z":7.5751633644104},"rotation":{"x":0.1838666945695877,"y":0.8104039430618286,"z":-0.4431447684764862,"w":0.33624783158302309},"size":13.662054061889649,"orthographic":true}