{"cameraMode":{"drawMode":0,"name":"Shaded","section":"Shading Mode"},"sceneLighting":false,"audioPlay":false,"sceneViewState":{"showFog":true,"showMaterialUpdate":true,"showSkybox":false,"showFlares":true,"showImageEffects":true,"showParticleSystems":true},"in2DMode":false,"pivot":{"x":1.862645149230957e-9,"y":0.0005000000819563866,"z":-1.862645149230957e-9},"rotation":{"x":0.39374449849128725,"y":0.0005532170180231333,"z":-0.00023823569063097239,"w":0.9192232489585877},"size":0.0471334382891655,"orthographic":true}