{"cameraMode":{"drawMode":0,"name":"Shaded","section":"Shading Mode"},"sceneLighting":true,"audioPlay":false,"sceneViewState":{"showFog":true,"showMaterialUpdate":true,"showSkybox":false,"showFlares":true,"showImageEffects":true,"showParticleSystems":true},"in2DMode":false,"pivot":{"x":0.2563619613647461,"y":0.3827109634876251,"z":-2.1640625},"rotation":{"x":0.30000820755958559,"y":-0.180295929312706,"z":0.05785340815782547,"w":0.9349579215049744},"size":17.839481353759767,"orthographic":true}