{"cameraMode":{"drawMode":0,"name":"Shaded","section":"Shading Mode"},"sceneLighting":true,"audioPlay":false,"sceneViewState":{"showFog":true,"showMaterialUpdate":true,"showSkybox":false,"showFlares":true,"showImageEffects":true,"showParticleSystems":true},"in2DMode":false,"pivot":{"x":1.2240724563598633,"y":1.3018755912780762,"z":3.951101303100586},"rotation":{"x":0.37589263916015627,"y":-0.21519336104393006,"z":0.09019795060157776,"w":0.8968167304992676},"size":5.408854007720947,"orthographic":true}