{"cameraMode":{"drawMode":0,"name":"Shaded","section":"Shading Mode"},"sceneLighting":false,"audioPlay":false,"sceneViewState":{"showFog":true,"showMaterialUpdate":true,"showSkybox":false,"showFlares":true,"showImageEffects":true,"showParticleSystems":true},"in2DMode":false,"pivot":{"x":1.669189453125,"y":-0.287109375,"z":-2.025390625},"rotation":{"x":0.42819464206695559,"y":-0.09056416898965836,"z":0.043179016560316089,"w":0.8981001973152161},"size":20.428070068359376,"orthographic":true}