{"cameraMode":{"drawMode":0,"name":"Shaded","section":"Shading Mode"},"sceneLighting":false,"audioPlay":false,"sceneViewState":{"showFog":true,"showMaterialUpdate":true,"showSkybox":false,"showFlares":true,"showImageEffects":true,"showParticleSystems":true},"in2DMode":false,"pivot":{"x":1.606061577796936,"y":2.6442551612854006,"z":0.11513187736272812},"rotation":{"x":0.2478775531053543,"y":0.009588947519659996,"z":-0.002454024273902178,"w":0.9687469005584717},"size":17.672325134277345,"orthographic":true}