{"cameraMode":{"drawMode":0,"name":"Shaded","section":"Shading Mode"},"sceneLighting":false,"audioPlay":false,"sceneViewState":{"showFog":true,"showMaterialUpdate":true,"showSkybox":false,"showFlares":true,"showImageEffects":true,"showParticleSystems":true},"in2DMode":false,"pivot":{"x":-2.3039560317993166,"y":1.478949785232544,"z":-4.367672920227051},"rotation":{"x":-0.02567836083471775,"y":-0.7002604603767395,"z":-0.025220295414328576,"w":0.7129800915718079},"size":1.4021728038787842,"orthographic":true}