{"cameraMode":{"drawMode":0,"name":"Shaded","section":"Shading Mode"},"sceneLighting":true,"audioPlay":false,"sceneViewState":{"showFog":true,"showMaterialUpdate":true,"showSkybox":false,"showFlares":true,"showImageEffects":true,"showParticleSystems":true},"in2DMode":false,"pivot":{"x":8.68388843536377,"y":9.264543533325196,"z":23.159910202026368},"rotation":{"x":0.37589263916015627,"y":-0.21519336104393006,"z":0.09019795060157776,"w":0.8968167304992676},"size":22.0,"orthographic":true}