{"cameraMode":{"drawMode":0,"name":"Shaded","section":"Shading Mode"},"sceneLighting":false,"audioPlay":false,"sceneViewState":{"showFog":true,"showMaterialUpdate":true,"showSkybox":false,"showFlares":true,"showImageEffects":true,"showParticleSystems":true},"in2DMode":false,"pivot":{"x":0.0,"y":0.5931581854820252,"z":1.6676262617111207},"rotation":{"x":0.18210181593894959,"y":-0.40169617533683779,"z":0.08184624463319779,"w":0.8937458395957947},"size":6.833555221557617,"orthographic":false}