{"cameraMode":{"drawMode":0,"name":"Shaded","section":"Shading Mode"},"sceneLighting":false,"audioPlay":false,"sceneViewState":{"showFog":true,"showMaterialUpdate":true,"showSkybox":false,"showFlares":true,"showImageEffects":true,"showParticleSystems":true},"in2DMode":false,"pivot":{"x":2.9440126419067385,"y":0.8875380754470825,"z":-0.21299999952316285},"rotation":{"x":0.404500275850296,"y":-0.18051733076572419,"z":0.08178801834583283,"w":0.892815113067627},"size":4.091524600982666,"orthographic":false}